{"initial_reset_timestamp": 1582783120.9959927, "timestamps": [1582783128.5278466, 1582783135.2851202, 1582783138.6555388, 1582783141.9928172, 1582783145.3290267, 1582783148.6661751, 1582783152.0042467, 1582783155.3573496, 1582783162.081219, 1582783165.4523306, 1582783168.789013, 1582783172.1260965, 1582783175.479251, 1582783178.8171308, 1582783182.1526825, 1582783185.4893553, 1582783188.876198, 1582783192.2635705, 1582783195.6010706, 1582783198.9383173, 1582783202.3118367], "episode_lengths": [200, 200, 200, 200, 200, 200, 200, 200, 200, 200, 200, 200, 200, 200, 200, 200, 200, 200, 200, 200, 200], "episode_rewards": [-128.86231312304258, -128.6650369108974, -249.29498460661955, -255.94457160783762, -2.1056435527427757, -265.36835895739625, -4.251389397471502, -359.1875625936018, -387.26688164160095, -127.58038722368667, -131.77681984357417, -127.27263550287518, -246.5503702675983, -126.92441465506339, -363.59539150171656, -251.20417526331843, -1.7926253126671756, -127.69944117044507, -127.37277585224487, -267.2028975515784, -127.52969482604723], "episode_types": ["t", "t", "t", "t", "t", "t", "t", "t", "t", "t", "t", "t", "t", "t", "t", "t", "t", "t", "t", "t", "t", "t"]}