{"initial_reset_timestamp": 1582161878.475518, "timestamps": [1582161887.228519, 1582161895.637532, 1582161895.8282342, 1582161895.9636898, 1582161896.0995164, 1582161896.2350457, 1582161896.3706868, 1582161896.5061615, 1582161904.880394, 1582161905.0601158, 1582161905.1948578, 1582161905.3304045, 1582161905.4655657, 1582161905.600707, 1582161905.7354739, 1582161905.8703299, 1582161906.0052874, 1582161906.1400611, 1582161906.2749913, 1582161906.4097931, 1582161906.5446851, 1582161906.6796582, 1582161906.8145244, 1582161906.949853, 1582161907.085014, 1582161907.2200775, 1582161907.3554754, 1582161915.7257898, 1582161915.9031394, 1582161916.0376883, 1582161916.172383, 1582161916.3079247, 1582161916.4424198, 1582161916.5769453, 1582161916.7112658, 1582161916.845602, 1582161916.9801884, 1582161917.1145432, 1582161917.2491076, 1582161917.3835394, 1582161917.5179152, 1582161917.6534138, 1582161917.7878814, 1582161917.9222436, 1582161918.0565207, 1582161918.1908162, 1582161918.3252099, 1582161918.4593706, 1582161918.593798, 1582161918.7279654, 1582161918.8621807, 1582161918.9982874, 1582161919.132704, 1582161919.2670352, 1582161919.401356, 1582161919.53565, 1582161919.6700902, 1582161919.8045824, 1582161919.9391835, 1582161920.073906, 1582161920.208674, 1582161920.3440874, 1582161920.4790118, 1582161920.613929, 1582161928.9896386, 1582161929.166804, 1582161929.3018765, 1582161929.4366384, 1582161929.571621, 1582161929.7066195, 1582161929.8416972, 1582161929.977286, 1582161930.1126757, 1582161930.2477973, 1582161930.3825104, 1582161930.5174809, 1582161930.6521845, 1582161930.7868135, 1582161930.921731, 1582161931.056256, 1582161931.1908953, 1582161931.325851, 1582161931.4605234, 1582161931.596357, 1582161931.7309778, 1582161931.8656304, 1582161932.0001915, 1582161932.135255, 1582161932.2698603, 1582161932.4045498, 1582161932.5391347, 1582161932.67397, 1582161932.8089895, 1582161932.9436522, 1582161933.0783484, 1582161933.213145, 1582161933.3478782, 1582161933.4824984, 1582161933.6171808, 1582161933.7517285], "episode_lengths": [500, 500, 500, 500, 500, 500, 500, 500, 500, 500, 500, 500, 500, 500, 500, 500, 500, 500, 500, 500, 500, 500, 500, 500, 500, 500, 500, 500, 500, 500, 500, 500, 500, 500, 500, 500, 500, 500, 500, 500, 500, 500, 500, 500, 500, 500, 500, 500, 500, 500, 500, 500, 500, 500, 500, 500, 500, 500, 500, 500, 500, 500, 500, 500, 500, 500, 500, 500, 500, 500, 500, 500, 500, 500, 500, 500, 500, 500, 500, 500, 500, 500, 500, 500, 500, 500, 500, 500, 500, 500, 500, 500, 500, 500, 500, 500, 500, 500, 500, 500], "episode_rewards": [500.0, 500.0, 500.0, 500.0, 500.0, 500.0, 500.0, 500.0, 500.0, 500.0, 500.0, 500.0, 500.0, 500.0, 500.0, 500.0, 500.0, 500.0, 500.0, 500.0, 500.0, 500.0, 500.0, 500.0, 500.0, 500.0, 500.0, 500.0, 500.0, 500.0, 500.0, 500.0, 500.0, 500.0, 500.0, 500.0, 500.0, 500.0, 500.0, 500.0, 500.0, 500.0, 500.0, 500.0, 500.0, 500.0, 500.0, 500.0, 500.0, 500.0, 500.0, 500.0, 500.0, 500.0, 500.0, 500.0, 500.0, 500.0, 500.0, 500.0, 500.0, 500.0, 500.0, 500.0, 500.0, 500.0, 500.0, 500.0, 500.0, 500.0, 500.0, 500.0, 500.0, 500.0, 500.0, 500.0, 500.0, 500.0, 500.0, 500.0, 500.0, 500.0, 500.0, 500.0, 500.0, 500.0, 500.0, 500.0, 500.0, 500.0, 500.0, 500.0, 500.0, 500.0, 500.0, 500.0, 500.0, 500.0, 500.0, 500.0], "episode_types": ["t", "t", "t", "t", "t", "t", "t", "t", "t", "t", "t", "t", "t", "t", "t", "t", "t", "t", "t", "t", "t", "t", "t", "t", "t", "t", "t", "t", "t", "t", "t", "t", "t", "t", "t", "t", "t", "t", "t", "t", "t", "t", "t", "t", "t", "t", "t", "t", "t", "t", "t", "t", "t", "t", "t", "t", "t", "t", "t", "t", "t", "t", "t", "t", "t", "t", "t", "t", "t", "t", "t", "t", "t", "t", "t", "t", "t", "t", "t", "t", "t", "t", "t", "t", "t", "t", "t", "t", "t", "t", "t", "t", "t", "t", "t", "t", "t", "t", "t", "t"]}